"institution;period;sek;doi;is_hybrid"
"ki;2017;14000;10.1080/16549716.2017.1340253;FALSE"
"ki;2017;14000;10.1080/20018525.2017.1290193;FALSE"
"ki;2017;21500;10.1080/09638288.2017.1305456;TRUE"
"ki;2017;5673;10.1080/2331186x.2017.1316348;FALSE"
"ki;2017;13450;10.1016/j.redox.2017.03.013;FALSE"
"ki;2017;21500;10.1080/17435390.2017.1363309;TRUE"
"ki;2017;29400;10.1093/annweh/wxw022;TRUE"
"ki;2017;10556,2;10.1111/jsr.12626;TRUE"
"ki;2017;10764,7;10.1016/j.conctc.2017.01.005;FALSE"
"ki;2017;10764,7;10.1016/j.pmedr.2017.02.024;FALSE"
"ki;2017;10823,5;10.1016/j.pmedr.2016.12.024;FALSE"
"ki;2017;12050;10.14814/phy2.13261;FALSE"
"ki;2017;12917,6;10.1016/j.redox.2017.05.014;FALSE"
"ki;2017;13455,9;10.1016/j.redox.2017.06.013;FALSE"
"ki;2017;13640;10.1161/jaha.117.005858;FALSE"
"ki;2017;13640;10.1161/jaha.117.006279;FALSE"
"ki;2017;13904,4;10.1016/j.apergo.2017.02.004;TRUE"
"ki;2017;14128,7;10.1016/j.nicl.2017.08.014;FALSE"
"ki;2017;14220;10.1093/scan/nsx070;FALSE"
"ki;2017;14352,9;10.1016/j.ekir.2017.01.001;FALSE"
"ki;2017;14560;10.1002/mbo3.508;FALSE"
"ki;2017;15536;10.1002/cjp2.74;FALSE"
"ki;2017;15910;10.1002/sctm.17-0028;TRUE"
"ki;2017;16147,1;10.1016/j.jcrimjus.2017.01.002;TRUE"
"ki;2017;16147,1;10.1016/j.ssci.2017.10.021;TRUE"
"ki;2017;16420;10.1002/brb3.845;FALSE"
"ki;2017;17512,4;10.1002/stem.2509;TRUE"
"ki;2017;18049;10.1177/1460458217704248;TRUE"
"ki;2017;18450;10.1161/jaha.117.007742;FALSE"
"ki;2017;19286,8;10.1016/j.cognition.2017.04.005;TRUE"
"ki;2017;19735,3;10.1016/j.molmet.2017.11.001;FALSE"
"ki;2017;19735,3;10.1016/j.ydbio.2017.09.032;TRUE"
"ki;2017;19735,3;10.1016/j.yexcr.2017.02.035;TRUE"
"ki;2017;20632,4;10.1016/j.vaccine.2017.01.055;TRUE"
"ki;2017;20991,2;10.1016/j.invent.2017.11.003;FALSE"
"ki;2017;21300;10.1093/nar/gkx006;FALSE"
"ki;2017;21300;10.1093/nar/gkx339;FALSE"
"ki;2017;21300;10.1093/nar/gkx707;FALSE"
"ki;2017;21300;10.1093/nar/gkx940;FALSE"
"ki;2017;21451,4;10.1177/1352458517721356;TRUE"
"ki;2017;21500;10.1080/0284186x.2017.1310394;TRUE"
"ki;2017;21850;10.1093/nar/gkx111;FALSE"
"ki;2017;21972,2;10.1177/1352458517690618;TRUE"
"ki;2017;22426,5;10.1016/j.ijheh.2017.11.003;TRUE"
"ki;2017;22426,5;10.1016/j.redox.2017.06.002;FALSE"
"ki;2017;23062,5;10.1161/jaha.117.006778;FALSE"
"ki;2017;23062,5;10.1161/jaha.117.007123;FALSE"
"ki;2017;23270;10.1111/acel.12588;TRUE"
"ki;2017;23323,5;10.1016/j.jid.2017.08.003;TRUE"
"ki;2017;23323,5;10.1016/j.tiv.2017.09.016;TRUE"
"ki;2017;23451;10.1016/j.bbr.2016.08.058;TRUE"
"ki;2017;23480;10.1111/jcmm.13305;FALSE"
"ki;2017;23900;10.1093/carcin/bgy059;TRUE"
"ki;2017;23900;10.1093/mutage/gex027;TRUE"
"ki;2017;24380;10.1093/gerona/glx115;TRUE"
"ki;2017;24380;10.1093/humupd/dmx036;TRUE"
"ki;2017;24380;10.1093/toxsci/kfx289;TRUE"
"ki;2017;24441,6;10.1093/infdis/jix474;TRUE"
"ki;2017;24500;10.1093/bioinformatics/btx225;TRUE"
"ki;2017;24500;10.1093/chemse/bjx006;TRUE"
"ki;2017;24500;10.1093/hmg/ddx146;TRUE"
"ki;2017;24500;10.1093/occmed/kqx111;TRUE"
"ki;2017;24669,1;10.1016/j.jaac.2017.05.001;TRUE"
"ki;2017;25000;10.1002/em.22163;TRUE"
"ki;2017;25000;10.1002/mds.27120;TRUE"
"ki;2017;25000;10.1111/acer.13568;TRUE"
"ki;2017;25000;10.1111/cpf.12429;TRUE"
"ki;2017;25000;10.1111/cpf.12449;TRUE"
"ki;2017;25000;10.1111/febs.14010;TRUE"
"ki;2017;25000;10.1111/risa.12929;TRUE"
"ki;2017;25000;10.1111/tmi.12823;TRUE"
"ki;2017;25117,7;10.1016/j.cellsig.2017.10.008;TRUE"
"ki;2017;25117,7;10.1016/j.expneurol.2017.02.014;TRUE"
"ki;2017;25117,7;10.1016/j.mce.2017.10.001;TRUE"
"ki;2017;25117,7;10.1016/j.neuroimage.2017.04.031;TRUE"
"ki;2017;25600;10.1093/gerona/glx178;TRUE"
"ki;2017;25730;10.1093/ije/dyx238;TRUE"
"ki;2017;25730;10.1093/intqhc/mzy001;TRUE"
"ki;2017;25911,8;10.1016/j.blre.2017.08.009;TRUE"
"ki;2017;26000;10.1093/aje/kwx170;TRUE"
"ki;2017;26000;10.1093/cercor/bhx004;TRUE"
"ki;2017;26000;10.1093/cercor/bhx045;TRUE"
"ki;2017;26000;10.1093/jamia/ocx038;TRUE"
"ki;2017;26037,5;10.1111/nin.12217;TRUE"
"ki;2017;2619,1;10.1080/23723556.2017.1287554;TRUE"
"ki;2017;26670;10.1111/1467-9566.12719;TRUE"
"ki;2017;26911,8;10.1016/j.atherosclerosis.2017.09.031;TRUE"
"ki;2017;26911,8;10.1016/j.ebiom.2017.11.009;FALSE"
"ki;2017;26911,8;10.1016/j.euroneuro.2017.03.007;TRUE"
"ki;2017;26911,8;10.1016/j.eurpsy.2017.04.005;TRUE"
"ki;2017;26911,8;10.1016/j.healthpol.2017.04.013;TRUE"
"ki;2017;26911,8;10.1016/j.jad.2017.06.013;TRUE"
"ki;2017;26911,8;10.1016/j.jalz.2017.05.004;TRUE"
"ki;2017;26911,8;10.1016/j.jalz.2017.09.006;TRUE"
"ki;2017;26911,8;10.1016/j.surg.2017.02.017;TRUE"
"ki;2017;26911,8;10.1053/j.gastro.2017.11.002;TRUE"
"ki;2017;27058,8;10.1053/j.ajkd.2016.10.036;TRUE"
"ki;2017;27300;10.1093/cercor/bhx294;TRUE"
"ki;2017;27300;10.1093/cercor/bhx299;TRUE"
"ki;2017;27300;10.1093/jnci/djx270;TRUE"
"ki;2017;27300;10.1093/jnci/djy021;TRUE"
"ki;2017;27808,8;10.1016/j.apergo.2017.02.012;TRUE"
"ki;2017;28170;10.1002/hep4.1124;FALSE"
"ki;2017;28705,8;10.1016/j.jid.2016.11.033;TRUE"
"ki;2017;28705,9;10.1016/j.envres.2017.10.049;TRUE"
"ki;2017;29250;10.1093/molehr/gax056;TRUE"
"ki;2017;29400;10.1093/bioinformatics/bty100;TRUE"
"ki;2017;29400;10.1093/ije/dyw357;TRUE"
"ki;2017;29602,9;10.1016/j.jaci.2017.06.043;TRUE"
"ki;2017;29602,9;10.1016/j.jagp.2017.06.008;TRUE"
"ki;2017;29602,9;10.1016/j.jpain.2017.02.434;TRUE"
"ki;2017;29602,9;10.1016/j.jpsychores.2017.08.009;TRUE"
"ki;2017;29764,7;10.1016/j.soard.2017.01.004;TRUE"
"ki;2017;30830;10.1111/1471-0528.15034;TRUE"
"ki;2017;30876;10.1093/bfgp/elx036;TRUE"
"ki;2017;30876;10.1093/ije/dyx208;TRUE"
"ki;2017;31200;10.1093/aje/kwx178;TRUE"
"ki;2017;31250;10.1111/aogs.13157;TRUE"
"ki;2017;31397,1;10.1016/j.biomaterials.2017.03.025;TRUE"
"ki;2017;31397,1;10.1016/j.envint.2017.02.004;TRUE"
"ki;2017;31397,1;10.1016/j.envint.2017.02.006;TRUE"
"ki;2017;31397,1;10.1016/j.envint.2017.04.013;TRUE"
"ki;2017;31397,1;10.1016/j.fertnstert.2017.05.010;TRUE"
"ki;2017;31397,1;10.1016/j.taap.2017.11.009;TRUE"
"ki;2017;31845,6;10.1016/j.amjmed.2017.02.028;TRUE"
"ki;2017;32294,1;10.1016/j.jamda.2017.08.014;TRUE"
"ki;2017;32760;10.1093/cercor/bhy062;TRUE"
"ki;2017;33000;10.15252/emmm.201707661;TRUE"
"ki;2017;33000;10.15252/msb.20167374;FALSE"
"ki;2017;33000;10.15252/msb.20177834;FALSE"
"ki;2017;34290;10.1002/pds.4372;TRUE"
"ki;2017;34812;10.1093/gerona/gly060;TRUE"
"ki;2017;34985,3;10.1016/j.conb.2017.10.005;TRUE"
"ki;2017;34985,3;10.1016/j.conb.2017.11.004;TRUE"
"ki;2017;34985,3;10.1016/j.sbi.2017.03.006;TRUE"
"ki;2017;35000;10.1002/jcp.25818;TRUE"
"ki;2017;35000;10.1111/jcpe.12670;TRUE"
"ki;2017;35830;10.1002/jcc.24692;TRUE"
"ki;2017;35907;10.1093/cid/cix437;TRUE"
"ki;2017;36670;10.1002/acr.23419;TRUE"
"ki;2017;40700;10.1111/jgs.14868;TRUE"
"ki;2017;42712,5;10.1111/exd.13284;TRUE"
"ki;2017;4485,3;10.1016/j.jsxm.2017.04.061;TRUE"
"ki;2017;44853;10.1016/j.cell.2017.05.033;TRUE"
"ki;2017;44853;10.1016/j.celrep.2017.05.011;FALSE"
"ki;2017;44853;10.1016/j.celrep.2017.05.030;FALSE"
"ki;2017;44853;10.1016/j.celrep.2017.05.067;FALSE"
"ki;2017;44853;10.1016/j.celrep.2017.07.004;FALSE"
"ki;2017;44853;10.1016/j.celrep.2017.08.021;FALSE"
"ki;2017;44853;10.1016/j.immuni.2017.01.009;TRUE"
"ki;2017;4509,8;10.1016/j.scr.2016.12.006;FALSE"
"ki;2017;5000;10.1016/j.pmedr.2017.02.009;FALSE"
"ki;2017;6727,9;10.1016/j.pvr.2017.05.002;FALSE"
"ki;2017;8611,8;10.1016/j.jcte.2017.06.001;FALSE"
"ki;2017;36000;10.1111/cea.12911;TRUE"
"ki;2017;35000;10.1111/joim.12594;TRUE"
"ki;2020;12719,08;10.1016/j.redox.2019.101387;FALSE"
"ki;2020;24206,52;10.1136/jclinpath-2019-206300;TRUE"
"ki;2020;34632,3;10.1093/infdis/jiaa036;TRUE"
"ki;2020;19047,8;10.1152/ajpcell.00540.2019;FALSE"
"ki;2020;38200,11;10.1212/WNL.0000000000008745;TRUE"
"ki;2020;30153,2;10.1016/j.stemcr.2020.02.006;FALSE"
"ki;2020;19243,4;10.1074/mcp.RA119.001737;TRUE"
"ki;2020;33134,74;10.1111/febs.15197;TRUE"
"ki;2020;23586,5;10.7554/eLife.46756;FALSE"
"ki;2020;31659,9;10.1002/mrd.23320;TRUE"
"ki;2020;25270,56;10.3389/fpsyg.2019.02808;TRUE"
"ki;2020;12470,67;10.3390/pathogens9010028;FALSE"
"ki;2020;7101,76;10.3390/pathogens9030207;FALSE"
"ki;2020;25224,36;10.3389/fphar.2020.00026;FALSE"
"ki;2020;23610,3;10.1016/j.scr.2020.101810;FALSE"
"ki;2020;29552,96;10.1089/scd.2019.0064;TRUE"
"ki;2020;17414,79;10.3389/fnins.2020.00256;FALSE"
"ki;2020;4149,11;10.1093/ehjcr/ytaa020;FALSE"
"ki;2020;39025,8;10.1126/sciadv.aaz2433;FALSE"
"ki;2020;25125,34;10.3389/fimmu.2019.03157;FALSE"
"ki;2020;11004,19;10.1121/10.0000581;TRUE"
"ki;2020;19924,29;10.3390/jcm9020607;FALSE"
"ki;2020;26279;10.1111/bpa.12812;TRUE"
"ki;2020;18302,6;10.2147/DHPS.S232604;FALSE"
"ki;2020;10454,73;10.1002/bjs5.50260;FALSE"
"ki;2020;20901,54;10.1073/pnas.1908691117;TRUE"
"ki;2020;23838,36;10.1136/annrheumdis-2019-216756;TRUE"
"ki;2020;28240,2;10.1001/jamanetworkopen.2020.3833;FALSE"
"ki;2020;30733,64;10.1016/j.schres.2020.03.048;TRUE"
"ki;2020;22349,71;10.2147/CLEP.S242528;FALSE"
"ki;2020;23530,96;10.1016/j.joca.2020.01.003;TRUE"
"ki;2020;48318,02;10.1073/pnas.1914186117;TRUE"
"ki;2020;31753,2;10.1111/imm.13157;TRUE"
"ki;2020;30423,36;10.1089/ars.2020.8035;TRUE"
"ki;2020;27418,26;10.1016/j.prostaglandins.2020.106428;TRUE"
"ki;2020;23795,25;10.7554/eLife.50830;FALSE"
"ki;2020;27573,22;10.1016/j.nbd.2020.104831;TRUE"
"ki;2020;29522,92;10.1016/j.neuroimage.2020.116607;FALSE"
"ki;2020;21803,99;10.1186/s12877-020-1493-4;FALSE"
"ki;2020;24412,37;10.3233/JAD-191011;TRUE"
"ki;2020;29248,55;10.1016/j.atherosclerosis.2019.11.013;TRUE"
"ki;2020;26953,95;10.1016/j.ijcha.2020.100505;FALSE"
"ki;2020;20141,74;10.3390/cells9030684;FALSE"
"ki;2020;37980,72;10.1016/j.celrep.2020.02.111;FALSE"
"ki;2020;26983,59;10.1002/JLB.2MA1219-392R;TRUE"
"ki;2020;22727,09;10.1016/j.eurox.2019.100106;FALSE"
"ki;2020;21225,72;10.3390/jcm9030850;FALSE"
"ki;2020;9164,97;10.1177/2055102919897382;FALSE"
"ki;2020;35378,96;10.1111/jcpp.13210;TRUE"
"ki;2020;14940,27;10.3390/ijms21031028;FALSE"
"ki;2020;39871,98;10.1530/ERC-19-0446;TRUE"
"ki;2020;28427,38;10.3389/fpsyg.2020.00613;FALSE"
"ki;2020;24265,75;10.1136/oemed-2019-106129;TRUE"
"ki;2020;39088,58;10.1097/j.pain.0000000000001787;TRUE"
"ki;2020;16693,65;10.1136/bmjopen-2019-033616;FALSE"
"ki;2020;28904,1;10.1001/jamanetworkopen.2020.1423;FALSE"
"ki;2020;26453,89;10.3389/fphar.2020.00406;FALSE"
"ki;2020;24842,69;10.1016/j.molmet.2020.01.009;FALSE"
"ki;2020;7142,95;10.1177/2325967120906522;FALSE"
"ki;2020;19056,31;10.1084/jem.20191804;TRUE"
"ki;2020;1050;10.1016/j.jphs.2019.09.006;FALSE"
"ki;2020;18829,67;10.1167/iovs.61.5.4;FALSE"
"ki;2020;12638,72;10.1002/nop2.431;FALSE"
"ki;2020;31563,94;10.1038/s41390-019-0722-z;TRUE"
"ki;2020;28682,85;10.3389/fimmu.2020.00437;FALSE"
"ki;2020;17576,3;10.3389/fgene.2020.00033;FALSE"
"ki;2020;27832,07;10.3389/fnagi.2020.00084;FALSE"
"ki;2020;25686,86;10.3389/fphar.2020.00304;FALSE"
"ki;2020;39699,07;10.1212/WNL.0000000000009097;TRUE"
"ki;2020;43731,86;10.1172/JCI125857;TRUE"
"ki;2020;39425,19;10.1212/WNL.0000000000008667;TRUE"
"ki;2020;26725,13;10.1073/pnas.1915531117;TRUE"
"ki;2020;18239,04;10.3233/JPD-191894;TRUE"
"ki;2020;29419,32;10.1016/j.schres.2019.12.042;TRUE"
"ki;2020;13059,25;10.1016/j.ssmph.2019.100511;FALSE"
"ki;2020;8540,98;10.1136/bmjopen-2019-033612;FALSE"
"ki;2020;21135,09;10.1136/bmjopen-2019-032900;FALSE"
"ki;2020;17909,96;10.3390/nu12030620;FALSE"
"ki;2020;24072,95;10.1136/jech-2019-213209;TRUE"
"ki;2020;25036,08;10.1016/j.addbeh.2020.106390;TRUE"
"ki;2020;23052,04;10.1161/JAHA.119.014290;FALSE"
"ki;2020;43134;10.1136/bmj.m853;TRUE"
"ki;2020;16791,57;10.1136/bmjopen-2019-031964;FALSE"
"ki;2020;37254,35;10.1038/s41380-019-0578-y;TRUE"
"ki;2020;11514,64;10.1016/j.heliyon.2019.e02850;FALSE"
"ki;2020;25241,09;10.3389/fimmu.2020.00086;FALSE"
"ki;2020;27145,73;10.1089/tmj.2019.0048;TRUE"
"ki;2020;30334,02;10.1016/j.psyneuen.2019.104578;TRUE"
"ki;2020;33331,99;10.1016/j.carbon.2019.12.064;TRUE"
"ki;2020;13947;10.3390/pathogens9030159;FALSE"
"ki;2020;28230,91;10.3389/fpsyt.2020.00094;FALSE"
"ki;2020;23953,55;10.3389/fcell.2020.00122;FALSE"
"ki;2020;25062,4;10.3389/fmicb.2020.00026;FALSE"
"ki;2020;25716,58;10.1073/pnas.1810932116;TRUE"
"ki;2020;19297,4;10.1083/jcb.201905002;TRUE"
"ki;2020;31812,4;10.1038/s41419-019-1970-x;FALSE"
"ki;2020;47552,96;10.1016/j.celrep.2020.01.092;TRUE"
"ki;2020;27387,44;10.1016/j.isci.2020.100843;FALSE"
"ki;2020;27967,18;10.3389/fncel.2020.00070;FALSE"
"ki;2020;46742,53;10.1016/j.celrep.2019.12.095;TRUE"
"ki;2020;10945,82;10.3389/fchem.2020.00064;TRUE"
"ki;2020;28631,82;10.3389/fneur.2019.01368;FALSE"
"ki;2020;10765,51;10.3390/nano10010110;FALSE"
"ki;2020;10137,38;10.3390/nano10040649;FALSE"
"ki;2020;19623,67;10.3390/ijerph17030930;TRUE"
"ki;2020;32147,34;10.18632/aging.102662;TRUE"
"ki;2020;41850;10.1002/anie.201914411;TRUE"
"ki;2020;19883,98;10.3390/jcm9030753;FALSE"
"ki;2020;14061,6;10.3390/molecules25051142;FALSE"
"ki;2020;17474,68;10.3390/ijms20236100;FALSE"
"ki;2020;5801,99;10.3390/antibiotics9010021;FALSE"
"ki;2020;17177,95;10.3390/ijerph17010227;FALSE"
"ki;2020;17577,07;10.3390/ijerph17030680;FALSE"
"ki;2020;29483,05;10.1016/j.msksp.2019.102070;TRUE"
"ki;2020;32403,87;10.1016/j.jaci.2019.10.037;TRUE"
"ki;2020;26092,75;10.2196/17318;FALSE"
"ki;2020;19747,22;10.3390/ijerph17041200;FALSE"
"ki;2020;17073,59;10.1136/bmjopen-2019-032914;FALSE"
"ki;2020;23832,5;10.7554/eLife.51507;FALSE"
"ki;2020;33094,2;10.1111/jcpp.13169;TRUE"
"ki;2020;28736,7;10.1001/jamanetworkopen.2020.0834;FALSE"
"ki;2020;12002,67;10.3389/fonc.2020.00518;FALSE"
"ki;2020;40520,34;10.1097/EDE.0000000000001173;TRUE"
"ki;2020;6987,5;10.2340/20030711-1000023;FALSE"
"ki;2020;16650,5;10.1136/bmjopen-2019-031871;FALSE"
"ki;2020;31020,57;10.1016/j.ijcha.2019.100458;FALSE"
"ki;2020;26378,9;10.1136/openhrt-2019-001200;FALSE"
"ki;2020;29264,56;10.1016/j.atherosclerosis.2020.02.010;TRUE"
"ki;2020;30158,13;10.1002/ehf2.12612;FALSE"
"ki;2020;22177,62;10.1177/1534735420905003;FALSE"
"ki;2020;23908,5;10.2196/17855;FALSE"
"ki;2020;13494,05;10.1016/j.breast.2020.03.004;FALSE"
"ki;2020;7715,69;10.5334/ijic.4689;FALSE"
"ki;2020;26395,25;10.1002/alz.12002;TRUE"
"ki;2020;47941;10.1001/jamaneurol.2019.4914;TRUE"
"ki;2020;31014,56;10.1016/j.arr.2020.101045;TRUE"
"ki;2020;28538,43;10.1016/j.jacc.2020.03.053;TRUE"
"ki;2020;30732,3;10.1001/jamanetworkopen.2020.5316;FALSE"
"ki;2020;34661,07;10.1016/j.jamda.2020.01.003;TRUE"
"ki;2020;34661,07;10.18632/aging.102843;TRUE"
"ki;2020;39236,18;10.1212/WNL.0000000000009058;TRUE"
"ki;2020;38720,26;10.1073/pnas.1919600117;TRUE"
"ki;2020;20694,96;10.1073/pnas.1911956116;TRUE"
"ki;2020;22667,8;10.2147/CLEP.S244011;FALSE"
"ki;2020;24578,25;10.2196/15909;FALSE"
"ki;2020;5276;10.5271/sjweh.3875;TRUE"
"ki;2020;28541,84;10.3389/fimmu.2020.00455;FALSE"
"ki;2020;20614,11;10.1002/hep.31052;TRUE"
"ki;2020;20665,26;10.3390/cells9040964;FALSE"
"ki;2020;14216,33;10.3390/metabo10050172;FALSE"
"ki;2020;18108,04;10.3390/ijms21103463;FALSE"
"ki;2020;23353,46;10.3389/fmed.2020.00316;FALSE"
"ki;2020;18515,17;10.3389/fphar.2020.00613;FALSE"
"ki;2020;47509,06;10.1016/j.celrep.2020.107699;FALSE"
"ki;2020;24295,52;10.1186/s10020-020-00172-4;FALSE"
"ki;2020;28525,62;10.3389/fendo.2020.00292;FALSE"
"ki;2020;11509,43;10.3389/fped.2020.00236;FALSE"
"ki;2020;19662,3;10.3390/jcm9072041;FALSE"
"ki;2020;15056,85;10.1074/jbc.RA120.012636;TRUE"
"ki;2020;24971,46;10.1136/bmjopen-2020-038938;FALSE"
"ki;2020;28337,11;10.3389/fimmu.2020.01365;FALSE"
"ki;2020;17057,74;10.3389/fpsyt.2020.00611;FALSE"
"ki;2020;18324,62;10.3389/fncel.2020.00148;FALSE"
"ki;2020;29473,45;10.3389/fpsyt.2020.00434;FALSE"
"ki;2020;29490,78;10.1016/j.media.2020.101714;TRUE"
"ki;2020;23013,72;10.1016/j.mcn.2020.103498;TRUE"
"ki;2020;20690,6;10.3390/cells9051085;FALSE"
"ki;2020;29063,11;10.3389/fendo.2020.00374;FALSE"
"ki;2020;18191,24;10.1016/j.arrct.2020.100064;FALSE"
"ki;2020;28500,12;10.1136/bjophthalmol-2020-316498;TRUE"
"ki;2020;18606,11;10.3390/ijms21072569;FALSE"
"ki;2020;30541,84;10.1136/oemed-2019-106353;TRUE"
"ki;2020;29572,88;10.1097/JOM.0000000000001845;TRUE"
"ki;2020;16637,67;10.1136/bmjopen-2019-032573;FALSE"
"ki;2020;28393,39;10.1016/j.euroneuro.2020.03.024;TRUE"
"ki;2020;3812,77;10.12688/f1000research.24230.2;FALSE"
"ki;2020;15662,12;10.1016/j.ijotn.2020.100779;TRUE"
"ki;2020;9578,13;10.3389/fpsyt.2020.00222;FALSE"
"ki;2020;21129,38;10.1186/s12872-020-01453-w;FALSE"
"ki;2020;6754,52;10.1177/1479164120928303;FALSE"
"ki;2020;14188,08;10.1634/theoncologist.2019-0262;FALSE"
"ki;2020;20352,35;10.1097/MD.0000000000019919;FALSE"
"ki;2020;17082,77;10.1136/bmjopen-2019-031290;FALSE"
"ki;2020;17582,5;10.2340/16501977-2682;FALSE"
"ki;2020;44781,3;10.1126/sciadv.abb3446;FALSE"
"ki;2020;10037,9;10.1001/jamanetworkopen.2020.16818;FALSE"
"ki;2020;28569,22;10.1136/oemed-2020-106413;TRUE"
"ki;2020;26098,54;10.1136/jitc-2019-000204;FALSE"
"ki;2020;50216;10.1001/jamapsychiatry.2020.1260;TRUE"
"ki;2020;16220,39;10.1136/bmjopen-2019-036285;FALSE"
"ki;2020;18381,45;10.1136/bmjgh-2020-002493;FALSE"
"ki;2020;36361,8;10.1136/bmjgh-2020-002425;FALSE"
"ki;2020;17694;10.1136/bmjgh-2020-002504;FALSE"
"ki;2020;19698;10.1177/1557988320926743;FALSE"
"ki;2020;48766,08;10.1136/bmjgh-2019-002272;FALSE"
"ki;2020;35388;10.1136/bmjgh-2020-002334;FALSE"
"ki;2020;16406,01;10.1136/bmjopen-2019-036182;FALSE"
"ki;2020;18274,36;10.3390/cancers12051143;FALSE"
"ki;2020;28850,71;10.3389/fimmu.2020.01154;FALSE"
"ki;2020;20124,91;10.3390/toxins12060351;FALSE"
"ki;2020;15598,31;10.3390/toxins12040227;FALSE"
"ki;2020;23667,34;10.1016/j.transproceed.2020.02.157;TRUE"
"ki;2020;34590,05;10.1097/TP.0000000000003284;TRUE"
"ki;2020;17840,66;10.3389/fimmu.2020.01341;FALSE"
"ki;2020;19098,62;10.1155/2020/7375947;FALSE"
"ki;2020;27750,06;10.3389/fimmu.2020.00014;FALSE"
"ki;2020;10699,4;10.1055/s-0040-1710032;FALSE"
"ki;2020;25533,35;10.1016/j.psychres.2020.112865;TRUE"
"ki;2020;36907,45;10.1038/s41366-020-0609-4;TRUE"
"ki;2020;24366,03;10.1136/rmdopen-2020-001197;FALSE"
"ki;2020;22945,44;10.1183/13993003.00767-2020;TRUE"
"ki;2020;31212,92;10.1016/j.resuscitation.2020.01.043;TRUE"
"ki;2020;30593,92;10.1136/jech-2019-213296;TRUE"
"ki;2020;23028,51;10.1016/j.tube.2020.101959;TRUE"
"ki;2020;7194,4;10.1016/j.epsc.2020.101493;FALSE"
"ki;2020;16646,74;10.1093/scan/nsaa064;FALSE"
"ki;2020;16513,72;10.3390/microorganisms8040522;FALSE"
"ki;2020;16484,97;10.3390/molecules25071747;FALSE"
"ki;2020;40151,6;10.1021/acs.jmedchem.9b01658;TRUE"
"ki;2020;17565,48;10.3390/cells9040970;FALSE"
"ki;2020;16710,78;10.3324/haematol.2019.216317;FALSE"
"ki;2020;50366,65;10.1073/pnas.1916249117;TRUE"
"ki;2020;46685,38;10.1016/j.celrep.2020.107601;FALSE"
"ki;2020;42075,26;10.1093/nar/gkaa274;FALSE"
"ki;2020;18535,35;10.3390/cells9051077;FALSE"
"ki;2020;21841,33;10.1073/pnas.2001228117;TRUE"
"ki;2020;25209,75;10.7554/eLife.54721;FALSE"
"ki;2020;12981,92;10.3390/brainsci10040229;FALSE"
"ki;2020;23518,51;10.1016/j.mcn.2020.103481;TRUE"
"ki;2020;37840,23;10.1016/j.celrep.2019.11.096;FALSE"
"ki;2020;29611,81;10.3389/fimmu.2020.00552;FALSE"
"ki;2020;16569,9;10.1007/s00228-020-02885-1;TRUE"
"ki;2020;22906,15;10.1016/j.clinph.2020.03.041;TRUE"
"ki;2020;16553,68;10.1016/j.envint.2020.105687;FALSE"
"ki;2020;16441,64;10.1016/j.envint.2020.105723;FALSE"
"ki;2020;14141,88;10.1016/j.ibror.2020.04.001;FALSE"
"ki;2020;32330,01;10.1016/j.jaip.2020.02.016;TRUE"
"ki;2020;28866,56;10.1016/j.jclinepi.2020.06.003;TRUE"
"ki;2020;24398,81;10.1016/j.jim.2020.112792;TRUE"
"ki;2020;27545,69;10.1016/j.neuroimage.2020.116930;FALSE"
"ki;2020;47724,24;10.1074/mcp.ra120.002036;TRUE"
"ki;2020;32257,93;10.1093/braincomms/fcaa052;FALSE"
"ki;2020;40963,1;10.1097/j.pain.0000000000001907;TRUE"
"ki;2020;38177,3;10.1111/joim.13078;TRUE"
"ki;2020;24596,5;10.1128/JVI.02128-19;TRUE"
"ki;2020;27205,09;10.1136/oemed-2020-106519;TRUE"
"ki;2020;24746,05;10.1136/rmdopen-2018-000856;FALSE"
"ki;2020;46277,61;10.1161/CIRCGEN.119.002814;TRUE"
"ki;2020;28629,34;10.1182/bloodadvances.2019001319;FALSE"
"ki;2020;42346,85;10.1212/WNL.0000000000009322;TRUE"
"ki;2020;14706,54;10.1371/journal.pone.0232038;FALSE"
"ki;2020;25866,45;10.2196/14778;FALSE"
"ki;2020;24866;10.2196/19380;FALSE"
"ki;2020;29747,51;10.3389/fpsyg.2020.01004;FALSE"
"ki;2020;20531,49;10.3390/ijerph17093123;FALSE"
"ki;2020;18039,37;10.3390/ijms21113759;FALSE"
"ki;2020;20598,95;10.3390/jcm9051282;FALSE"
"ki;2020;20172,86;10.3390/jcm9051550;FALSE"
"ki;2020;14928,14;10.3390/medicina56060265;FALSE"
"ki;2020;23556,25;10.7554/eLife.57894;FALSE"
"ki;2020;32246,72;10.1212/nxg.0000000000000426;FALSE"
"ki;2020;33346,57;10.1212/nxi.0000000000000717;FALSE"
"ki;2020;20124,91;10.3390/ijerph17113794;FALSE"
"ki;2020;27874,02;10.1080/20002297.2020.1768342;FALSE"
"ki;2020;17262,8;10.3390/cells9061471;FALSE"
"ki;2020;37447,9;10.1016/j.tips.2020.04.004;TRUE"
"ki;2020;46492,45;10.1038/s41467-019-12119-3;FALSE"
"ki;2020;20352,42;10.1136/bmjoq-2020-000946;FALSE"
"ki;2020;15860,91;10.3390/jcm9010265;FALSE"
"ki;2020;34153,68;10.18632/aging.103118;TRUE"
"ki;2020;24102,93;10.1017/S1463423620000092;TRUE"
"ki;2020;31512,22;10.18632/aging.103156;TRUE"
"ki;2020;20628,13;10.3390/nu12051230;FALSE"
"ki;2020;17589,6;10.1136/bmjopen-2020-037050;FALSE"
"ki;2020;33351,96;10.18632/aging.103315;FALSE"
"ki;2020;18965,34;10.3233/JAD-191261;FALSE"
"ki;2020;19035,36;10.3233/JAD-200028;FALSE"
"ki;2020;19634,04;10.3233/JAD-191055;FALSE"
"ki;2020;25692,54;10.1074/jbc.RA120.012738;FALSE"
"ki;2020;42181,44;10.1212/WNL.0000000000009405;FALSE"
"ki;2020;37307,18;10.1038/s41380-020-0817-2;FALSE"
"ki;2020;19889,92;10.3390/cells9061333;FALSE"
"ki;2020;46423,55;10.1016/j.stem.2020.07.006;TRUE"
"ki;2020;28968,82;10.1016/j.ijnurstu.2019.103473;TRUE"
"ki;2020;34182,19;10.1016/j.jamda.2020.06.042;TRUE"
"ki;2020;26649,81;10.1016/j.neuroimage.2020.117157;FALSE"
"ki;2020;37519,46;10.1016/j.celrep.2020.107923;FALSE"
"ki;2020;11506,99;10.1016/j.jcomdis.2020.106037;TRUE"
"ki;2020;24860,36;10.1016/j.canep.2020.101806;TRUE"
"ki;2020;50322,59;10.1093/jn/nxaa198;TRUE"
"ki;2020;44327,42;10.1038/s41380-020-00868-3;TRUE"
"ki;2020;27649,02;10.1016/j.ejon.2020.101778;TRUE"
"ki;2020;39578,11;10.1093/nar/gkaa691;FALSE"
"ki;2020;25836,43;10.1210/clinem/dgaa549;TRUE"
"ki;2020;25864,11;10.1093/braincomms/fcaa152;FALSE"
"ki;2020;44489,42;10.1093/jnci/djaa131;TRUE"
"ki;2020;12463,32;10.1093/jncics/pkaa084;FALSE"
"ki;2020;19508,57;10.1093/gigascience/giaa024;FALSE"
"ki;2020;10535,9;10.1093/jncics/pkaa087;FALSE"
"ki;2020;32566,76;10.1093/rheumatology/keaa565;TRUE"
"ki;2020;15576,03;10.1371/journal.pone.0236434;FALSE"
"ki;2020;20552,4;10.1371/journal.pntd.0008624;FALSE"
"ki;2020;14800,4;10.1371/journal.pone.0236291;FALSE"
"ki;2020;14879,05;10.1371/journal.pone.0238797;FALSE"
"ki;2020;14010,32;10.1371/journal.pone.0233343;FALSE"
"ki;2020;14001,23;10.1371/journal.pone.0234900;FALSE"
"ki;2020;43728,5;10.1101/gr.258848.119;TRUE"
"ki;2020;15474,38;10.1177/2055217320959116;FALSE"
"ki;2020;14800,4;10.1371/journal.pone.0236180;FALSE"
"ki;2020;20665,7;10.14309/ctg.0000000000000191;FALSE"
"ki;2020;31675,76;10.18632/aging.103623;TRUE"
"ki;2020;10350;10.2340/00015555-3631;FALSE"
"ki;2020;19051,92;10.3233/JAD-190749;TRUE"
"ki;2020;24194,75;10.3389/fendo.2020.591476;FALSE"
"ki;2020;25811,91;10.3389/fgene.2020.01022;FALSE"
"ki;2020;25912,51;10.3389/fmicb.2020.01639;FALSE"
"ki;2020;26526,11;10.3389/fnbeh.2020.00076;FALSE"
"ki;2020;16019,34;10.3389/fpsyg.2020.542082;FALSE"
"ki;2020;9623,03;10.3390/cells9092126;FALSE"
"ki;2020;17139,91;10.3390/ijms21155305;FALSE"
"ki;2020;15390,52;10.3390/nu12072109;FALSE"
"ki;2020;23278,77;10.3389/fonc.2020.568557;FALSE"
"ki;2020;22683,2;10.1108/IJWHM-10-2019-0126;TRUE"
"ki;2020;12188,51;10.5271/sjweh.3928;TRUE"
"ki;2020;19433,05;10.3390/ijms21124333;FALSE"
"ki;2020;21864,25;10.7554/eLife.59733;FALSE"
"ki;2020;39202,8;10.3791/61807;TRUE"
"ki;2020;39144;10.3791/61577;TRUE"
"ki;2020;17521,83;10.3390/vaccines8030391;FALSE"
"ki;2020;17272,55;10.3390/nu12092763;FALSE"
"ki;2020;14541,88;10.3390/medicina56070361;FALSE"
"ki;2020;17247,46;10.3390/jcm9082435;FALSE"
"ki;2020;18640,77;10.3390/jcm9061813;FALSE"
"ki;2020;13500,11;10.3390/diagnostics10090722;FALSE"
"ki;2020;19468,6;10.3390/cells9071712;FALSE"
"ki;2020;17536,3;10.3390/biom10071034;FALSE"
"ki;2020;22863,18;10.3389/fpubh.2020.00422;FALSE"
"ki;2020;23437,28;10.3389/fpsyt.2020.573989;FALSE"
"ki;2020;16668,13;10.3389/fnsyn.2020.00037;FALSE"
"ki;2020;25870,91;10.3389/fneur.2020.540144;FALSE"
"ki;2020;22989,91;10.3389/fimmu.2020.571321;FALSE"
"ki;2020;26041,42;10.3389/fimmu.2020.566319;FALSE"
"ki;2020;17267,9;10.3389/fimmu.2020.01788;FALSE"
"ki;2020;25721,94;10.3389/fgene.2020.00761;FALSE"
"ki;2020;23117,09;10.3389/fcimb.2020.588155;FALSE"
"ki;2020;17084,61;10.3389/fchem.2020.00443;FALSE"
"ki;2020;21539;10.3389/fcell.2020.543066;FALSE"
"ki;2020;18530,28;10.3233/JAD-200445;TRUE"
"ki;2020;19530;10.2217/nnm-2020-0286;TRUE"
"ki;2020;23431,93;10.2196/21559;FALSE"
"ki;2020;18276,91;10.2196/21100;FALSE"
"ki;2020;20631;10.1515/em-2019-0022;TRUE"
"ki;2020;42400,26;10.1212/WNL.0000000000009571;TRUE"
"ki;2020;29376,96;10.1212/NXG.0000000000000478;FALSE"
"ki;2020;27584,82;10.1182/bloodadvances.2020002309;FALSE"
"ki;2020;12649,45;10.1177/2055217320964505;FALSE"
"ki;2020;16322,73;10.1177/2055217320928101;FALSE"
"ki;2020;30096,77;10.1161/STROKEAHA.120.029902;TRUE"
"ki;2020;19312,04;10.1155/2020/3259723;FALSE"
"ki;2020;25411,76;10.1136/jech-2020-214402;TRUE"
"ki;2020;12848,96;10.1136/bmjopen-2020-040328;FALSE"
"ki;2020;17154,45;10.1136/bmjopen-2020-038932;FALSE"
"ki;2020;15541,61;10.1136/bmjopen-2020-038797;FALSE"
"ki;2020;21465,56;10.1136/bmjopen-2020-037755;FALSE"
"ki;2020;19226,53;10.1136/bmjopen-2019-035932;FALSE"
"ki;2020;15483,56;10.1136/bmjopen-2019-035542;FALSE"
"ki;2020;15618,29;10.1136/bmjopen-2019-034179;FALSE"
"ki;2020;34017;10.1136/bmjgh-2020-002974;FALSE"
"ki;2020;34535,7;10.1136/bmjgh-2020-002732;FALSE"
"ki;2020;33804,3;10.1136/bmjgh-2020-002471;FALSE"
"ki;2020;34892,4;10.1136/bmj.m1186;TRUE"
"ki;2020;39872,7;10.1126/sciadv.aba8196;FALSE"
"ki;2020;24400,69;10.1111/acel.13197;FALSE"
"ki;2020;27285,84;10.1108/MRR-01-2020-0040;TRUE"
"ki;2020;44138;10.1101/gr.265017.120;TRUE"
"ki;2020;39008,25;10.1101/gad.330050.119;FALSE"
"ki;2020;35583,08;10.1097/j.pain.0000000000002034;TRUE"
"ki;2020;41396,88;10.1097/j.pain.0000000000002033;TRUE"
"ki;2020;29160,95;10.1097/CMR.0000000000000675;TRUE"
"ki;2020;22184,5;10.1080/22221751.2020.1799723;FALSE"
"ki;2020;25091,77;10.1080/20013078.2020.1800222;FALSE"
"ki;2020;14441,69;10.1080/16549716.2020.1802951;FALSE"
"ki;2020;14589,4;10.1080/16549716.2020.1795439;FALSE"
"ki;2020;19915,93;10.1074/mcp.RA120.002231;TRUE"
"ki;2020;33638,7;10.1073/pnas.2005633117;TRUE"
"ki;2020;48036,75;10.1073/pnas.1920521117;TRUE"
"ki;2020;44954,05;10.1073/pnas.1920463117;TRUE"
"ki;2020;37419,8;10.1073/pnas.1912839117;TRUE"
"ki;2020;18668;10.1044/2019_JSLHR-S-18-0492;TRUE"
"ki;2020;11202,73;10.1038/s41392-020-00298-1;FALSE"
"ki;2020;31879,99;10.1038/s41385-020-0323-5;TRUE"
"ki;2020;44768,62;10.1038/s41380-020-0815-4;TRUE"
"ki;2020;37266,73;10.1038/s41380-020-00887-0;TRUE"
"ki;2020;43891;10.1001/jamaoncol.2020.5957;TRUE"
"KI;2020;21508,5;10.7554/eLife.61469;FALSE"
"KI;2020;22096,75;10.7554/eLife.55212;FALSE"
"KI;2020;25324,5;10.3892/ijo.2021.5167;TRUE"
"KI;2020;16996,6;10.3390/vaccines8040681;FALSE"
"KI;2020;17148,31;10.3390/v12121423;FALSE"
"KI;2020;12164,63;10.3390/su12208475;FALSE"
"KI;2020;15556,8;10.3390/pharmaceutics12100997;FALSE"
"KI;2020;14418,52;10.3390/pathogens9110920;FALSE"
"KI;2020;17102,61;10.3390/nu12123823;FALSE"
"KI;2020;15495,2;10.3390/microorganisms8101546;FALSE"
"KI;2020;10408,07;10.3390/jcm9123812;FALSE"
"KI;2020;21331,03;10.3390/jcm9103206;FALSE"
"KI;2020;17021,56;10.3390/ijms21239022;FALSE"
"KI;2020;17021,56;10.3390/ijms21238990;FALSE"
"KI;2020;21691,55;10.3390/ijerph17228491;FALSE"
"KI;2020;12142,92;10.3390/healthcare8040454;FALSE"
"KI;2020;17245,37;10.3390/genes11101201;FALSE"
"KI;2020;7188,92;10.3390/dj8040124;FALSE"
"KI;2020;9311,18;10.3390/diagnostics10110966;FALSE"
"KI;2020;18827,73;10.3390/cells9122552;FALSE"
"KI;2020;18703,48;10.3390/cancers12123707;FALSE"
"KI;2020;17089,93;10.3390/biom10121661;FALSE"
"KI;2020;16943,34;10.3390/biom10121621;FALSE"
"KI;2020;15329,17;10.3390/biom10111483;FALSE"
"KI;2020;22345,28;10.3389/fvets.2020.619030;FALSE"
"KI;2020;16793,53;10.3389/froh.2020.609082;FALSE"
"KI;2020;21203,6;10.3389/fpubh.2020.605123;FALSE"
"KI;2020;23347,01;10.3389/fpsyg.2020.603986;FALSE"
"KI;2020;22517,85;10.3389/fpsyg.2020.600841;FALSE"
"KI;2020;22827,96;10.3389/fphar.2020.608136;FALSE"
"KI;2020;22495,28;10.3389/fonc.2020.624079;FALSE"
"KI;2020;16967;10.3389/fnsyn.2020.545854;FALSE"
"KI;2020;22569,36;10.3389/fneur.2020.589471;FALSE"
"KI;2020;14067,09;10.3389/fimmu.2020.621225;FALSE"
"KI;2020;2099,03;10.3389/fimmu.2020.588642;FALSE"
"KI;2020;23229,66;10.3389/fimmu.2020.583560;FALSE"
"KI;2020;14784,15;10.3389/fdgth.2020.606246;FALSE"
"KI;2020;16800;10.2340/16501977-2748;FALSE"
"KI;2020;19785,6;10.2147/JMDH.S277727;FALSE"
"KI;2020;19082,93;10.2147/CLEP.S285936;FALSE"
"KI;2020;19167,98;10.2147/CLEP.S282475;FALSE"
"KI;2020;30127,06;10.18632/aging.202342;FALSE"
"KI;2020;30130,46;10.18632/aging.202177;FALSE"
"KI;2020;20728,8;10.14573/altex.2003311;FALSE"
"KI;2020;14140,03;10.1371/journal.pone.0242533;FALSE"
"KI;2020;14573,78;10.1371/journal.pone.0240804;FALSE"
"KI;2020;14573,78;10.1371/journal.pone.0240696;FALSE"
"KI;2020;15018,21;10.1371/journal.pone.0239924;FALSE"
"KI;2020;13713,97;10.1371/journal.pone.0239838;FALSE"
"KI;2020;15018,21;10.1371/journal.pone.0239724;FALSE"
"KI;2020;15018,21;10.1371/journal.pone.0239611;FALSE"
"KI;2020;15018,21;10.1371/journal.pone.0239161;FALSE"
"KI;2020;19445,08;10.1371/journal.pntd.0008863;FALSE"
"KI;2020;25026,6;10.1371/journal.pmed.1003474;FALSE"
"KI;2020;30139,89;10.1249/MSS.0000000000002490;TRUE"
"KI;2020;36643,32;10.1212/WNL.0000000000010993;TRUE"
"KI;2020;30560,22;10.1212/WNL.0000000000010874;TRUE"
"KI;2020;28057,28;10.1212/NXG.0000000000000526;FALSE"
"KI;2020;21457,59;10.1183/13993003.02120-2020;TRUE"
"KI;2020;6119,63;10.1177/1178646920978241;FALSE"
"KI;2020;32380,61;10.1172/jci.insight.135418;FALSE"
"KI;2020;26268,76;10.1136/thoraxjnl-2020-215884;TRUE"
"KI;2020;30266,18;10.1136/jmedgenet-2020-107385;TRUE"
"KI;2020;12883,54;10.1136/esmoopen-2020-001032;FALSE"
"KI;2020;15396,52;10.1136/bmjopen-2020-040334;FALSE"
"KI;2020;21380,7;10.1136/bmjopen-2020-037488;FALSE"
"KI;2020;34452,3;10.1136/bmjgh-2020-003595;FALSE"
"KI;2020;24810,52;10.1097/OLQ.0000000000001318;TRUE"
"KI;2020;27887,1;10.1097/MAT.0000000000001242;TRUE"
"KI;2020;29484,68;10.1097/EJA.0000000000001386;TRUE"
"KI;2020;10910,52;10.1097/EE9.0000000000000117;FALSE"
"KI;2020;12966;10.1097/CCE.0000000000000308;FALSE"
"KI;2020;26496,87;10.1093/rap/rkaa056;FALSE"
"KI;2020;17533,07;10.1093/nargab/lqaa099;FALSE"
"KI;2020;40013,18;10.1093/nar/gkaa817;FALSE"
"KI;2020;32643,84;10.1093/nar/gkaa1131;FALSE"
"KI;2020;12481,8;10.1093/jncics/pkaa108;FALSE"
"KI;2020;12353,52;10.1093/ijnp/pyaa054;FALSE"
"KI;2020;25999,59;10.1093/braincomms/fcaa192;FALSE"
"KI;2020;8621,61;10.1093/bjsopen/zraa013;FALSE"
"KI;2020;28576;10.1089/brain.2020.0785;TRUE"
"KI;2020;24597,57;10.1080/20002297.2020.1854552;FALSE"
"KI;2020;24597,57;10.1080/02813432.2020.1841531;FALSE"
"KI;2020;17507,4;10.1074/jbc.ra119.012056;TRUE"
"KI;2020;47013,72;10.1073/pnas.2012265117;TRUE"
"KI;2020;15623,99;10.1038/s41598-020-58767-0;FALSE"
"KI;2020;44025,84;10.1038/s41422-020-00445-x;TRUE"
"KI;2020;37209,45;10.1038/s41388-020-01501-x;TRUE"
"KI;2020;44299,06;10.1038/s41380-020-00950-w;TRUE"
"KI;2020;28832,05;10.1021/jacs.0c09574;TRUE"
"KI;2020;25594,89;10.1016/j.ttbdis.2020.101417;TRUE"
"KI;2020;25851,29;10.1016/j.trsl.2020.09.003;TRUE"
"KI;2020;13463,18;10.1016/j.tins.2020.08.006;TRUE"
"KI;2020;24235,5;10.1016/j.pscychresns.2020.111180;TRUE"
"KI;2020;31715,37;10.1016/j.brat.2020.103752;TRUE"
"KI;2020;64960,63;10.1007/s12325-020-01520-w;TRUE"
"KI;2020;32109,5;10.1007/s00018-020-03636-2;TRUE"
"KI;2020;24694,62;10.1002/ehf2.13079;FALSE"
"KI;2020;25443,9;10.1001/jamanetworkopen.2020.33478;FALSE"
"KI;2020;26580,9;10.1001/jamanetworkopen.2020.28477;FALSE"
"KI;2020;11697,57;10.5271/sjweh.3913;TRUE"
"KI;2020;30801,87;10.1136/bmjgh-2020-003762;FALSE"
"KI;2020;21127,36;10.1093/bjsopen/zraa017;FALSE"
"ki;2021;16217,76;10.1097/pr9.0000000000000914;FALSE"
"ki;2021;25004,7;10.1001/jamanetworkopen.2021.0837;FALSE"
"ki;2021;24804;10.1001/jamanetworkopen.2021.1129;FALSE"
"ki;2021;24831,9;10.1001/jamanetworkopen.2021.5245;FALSE"
"ki;2021;25577,7;10.1001/jamanetworkopen.2021.7269;FALSE"
"ki;2021;42509;10.1001/jamasurg.2021.1438;TRUE"
"ki;2021;15232,95;10.1002/stem.3168;TRUE"
"ki;2021;26137,72;10.1016/j.exer.2021.108518;TRUE"
"ki;2021;30085,19;10.1016/j.jacbts.2021.02.005;FALSE"
"ki;2021;22272,96;10.1016/j.mcpro.2021.100065;FALSE"
"ki;2021;36207,4;10.1038/s41380-021-01040-1;TRUE"
"ki;2021;15898,29;10.1038/s41598-021-81662-1;FALSE"
"ki;2021;17621,06;10.1073/pnas.1921123118;TRUE"
"ki;2021;45562,17;10.1073/pnas.2009192117;TRUE"
"ki;2021;51157;10.1073/pnas.2016580118;TRUE"
"ki;2021;42776,73;10.1073/pnas.2017089118;TRUE"
"ki;2021;33566,31;10.1073/pnas.2018587118;TRUE"
"ki;2021;15214,65;10.1080/02813432.2021.1882079;FALSE"
"ki;2021;22323,43;10.1080/21505594.2021.1871822;FALSE"
"ki;2021;35704,59;10.1093/gerona/glab061;TRUE"
"ki;2021;32270,72;10.1093/nar/gkab054;FALSE"
"ki;2021;28801,64;10.1097/ede.0000000000001321;TRUE"
"ki;2021;34148,08;10.1097/j.pain.0000000000002169;FALSE"
"ki;2021;1775,45;10.1111/cen.14398;TRUE"
"ki;2021;1707,14;10.1111/pai.13438;TRUE"
"ki;2021;32427,09;10.1126/sciadv.abc2931;FALSE"
"ki;2021;37169,55;10.1126/sciadv.abf0717;FALSE"
"ki;2021;14738,58;10.1126/scitranslmed.abb0192;TRUE"
"ki;2021;32031,58;10.1128/msystems.01302-20;FALSE"
"ki;2021;14782,25;10.5334/ijic.5505;FALSE"
"ki;2021;21186,19;10.1136/bmjopen-2020-044702;FALSE"
"ki;2021;27101,59;10.1136/rmdopen-2020-001379;FALSE"
"ki;2021;15522,43;10.1167/tvst.10.1.21;FALSE"
"ki;2021;15522,43;10.1167/tvst.10.1.22;FALSE"
"ki;2021;38637,32;10.1172/jci144734;TRUE"
"ki;2021;5050,77;10.1177/20416695211009928;FALSE"
"ki;2021;15471,68;10.1177/20451253211006508;TRUE"
"ki;2021;31898,48;10.1183/13993003.03468-2020;TRUE"
"ki;2021;7610,48;10.1183/23120541.00917-2020;FALSE"
"ki;2021;33383,77;10.1186/s13195-021-00799-3;FALSE"
"ki;2021;29567,3;10.1200/jco.20.02598;TRUE"
"ki;2021;27140,16;10.1212/nxg.0000000000000546;FALSE"
"ki;2021;27714,72;10.1212/nxg.0000000000000566;FALSE"
"ki;2021;29329,59;10.1212/nxi.0000000000000912;FALSE"
"ki;2021;28338,66;10.1212/wnl.0000000000011545;TRUE"
"ki;2021;30833,25;10.1242/dmm.046300;FALSE"
"ki;2021;14281,73;10.1371/journal.pone.0243427;FALSE"
"ki;2021;14022,4;10.1371/journal.pone.0243948;FALSE"
"ki;2021;14281,73;10.1371/journal.pone.0245246;FALSE"
"ki;2021;14136,81;10.1371/journal.pone.0245902;FALSE"
"ki;2021;14607;10.1371/journal.pone.0248809;FALSE"
"ki;2021;12898,08;10.1523/jneurosci.1848-20.2021;TRUE"
"ki;2021;13108,21;10.1523/jneurosci.2250-20.2021;TRUE"
"ki;2021;7770,03;10.16966/2378-7090.349;FALSE"
"ki;2021;20855,5;10.2147/copd.s283372;FALSE"
"ki;2021;15880,01;10.2196/18385;FALSE"
"ki;2021;20911;10.2196/24466;FALSE"
"ki;2021;24565,8;10.2217/pgs-2020-0106;TRUE"
"ki;2021;16066,02;10.2340/00015555-3770;FALSE"
"ki;2021;24932,1;10.26508/lsa.202000723;FALSE"
"ki;2021;18458,28;10.3233/jad-200976;TRUE"
"ki;2021;24655,09;10.3233/jad-201344;TRUE"
"ki;2021;16326,3;10.3324/haematol.2019.234716;FALSE"
"ki;2021;15654,15;10.3389%2ffneur.2021.652590;FALSE"
"ki;2021;24787,97;10.3389/fcell.2021.630942;FALSE"
"ki;2021;15419,57;10.3389/fcell.2021.640723;FALSE"
"ki;2021;24552,26;10.3389/fcimb.2021.625229;FALSE"
"ki;2021;24877,06;10.3389/fcimb.2021.643326;FALSE"
"ki;2021;20850,02;10.3389/fcvm.2021.638829;FALSE"
"ki;2021;21036,52;10.3389/fcvm.2021.655869;FALSE"
"ki;2021;24826,02;10.3389/fendo.2020.554922;FALSE"
"ki;2021;8182,55;10.3389/fgene.2021.658446;FALSE"
"ki;2021;22148,54;10.3389/fimmu.2020.619398;FALSE"
"ki;2021;24153,42;10.3389/fimmu.2021.618110;FALSE"
"ki;2021;15629,54;10.3389/fimmu.2021.640578;FALSE"
"ki;2021;24493,85;10.3389/fimmu.2021.642173;FALSE"
"ki;2021;24314,49;10.3389/fmats.2020.560372;FALSE"
"ki;2021;25127,81;10.3389/fnagi.2021.621619;FALSE"
"ki;2021;22618,21;10.3389/fneur.2020.610192;FALSE"
"ki;2021;24404,76;10.3389/fneur.2021.647811;FALSE"
"ki;2021;14013,14;10.3389/fonc.2020.607149;FALSE"
"ki;2021;25151,41;10.3389/fped.2021.615724;FALSE"
"ki;2021;15366,66;10.3389/fphar.2021.627032;FALSE"
"ki;2021;24627,49;10.3389/fpsyg.2021.582823;FALSE"
"ki;2021;24534,56;10.3389/fpsyg.2021.629590;FALSE"
"ki;2021;18350,65;10.3389/fpubh.2020.623773;FALSE"
"ki;2021;2669,87;10.3389/frma.2021.594424;FALSE"
"ki;2021;3736,35;10.3389/fspor.2021.648929;FALSE"
"ki;2021;13255,23;10.3390/antibiotics10040371;FALSE"
"ki;2021;15055,62;10.3390/antiox10020163;FALSE"
"ki;2021;18742,57;10.3390/app11031250;FALSE"
"ki;2021;10233,46;10.3390/cancers13020298;FALSE"
"ki;2021;20466,92;10.3390/cancers13020302;FALSE"
"ki;2021;20405,72;10.3390/cancers13051010;FALSE"
"ki;2021;10187,02;10.3390/cancers13051143;FALSE"
"ki;2021;18429,12;10.3390/cancers13051166;FALSE"
"ki;2021;18213,59;10.3390/cancers13071588;FALSE"
"ki;2021;16882,24;10.3390/cells10020241;FALSE"
"ki;2021;18892,73;10.3390/cells10020295;FALSE"
"ki;2021;14806,26;10.3390/cells10040852;FALSE"
"ki;2021;8441,07;10.3390/children8020080;FALSE"
"ki;2021;11900,38;10.3390/diagnostics11020336;FALSE"
"ki;2021;21450,43;10.3390/ijerph18041941;FALSE"
"ki;2021;16945,01;10.3390/ijms21239010;FALSE"
"ki;2021;13059,46;10.3390/ijms22020801;FALSE"
"ki;2021;16959,79;10.3390/ijms22031025;FALSE"
"ki;2021;16937,56;10.3390/ijms22031217;FALSE"
"ki;2021;16821,42;10.3390/ijms22041793;FALSE"
"ki;2021;16562,88;10.3390/ijms22073664;FALSE"
"ki;2021;10527,71;10.3390/microorganisms9020322;FALSE"
"ki;2021;14864,19;10.3390/microorganisms9030493;FALSE"
"ki;2021;16649,42;10.3390/molecules26010143;FALSE"
"ki;2021;20003,7;10.3390/nu13030880;FALSE"
"ki;2021;7063,21;10.3390/pathogens9121076;FALSE"
"ki;2021;16478,92;10.3390/ph14030264;FALSE"
"ki;2021;12562,09;10.3390/pharmaceutics13010116;FALSE"
"ki;2021;18658,64;10.3390/s21020445;FALSE"
"ki;2021;13992,3;10.3390/v13010037;FALSE"
"ki;2021;16745,63;10.3390/vaccines9010061;FALSE"
"ki;2021;35896,56;10.3791/62503;TRUE"
"ki;2021;9518,88;10.3892/ol.2021.12501;FALSE"
"ki;2021;9600,02;10.3892/ol.2021.12538;FALSE"
"ki;2021;25215,89;10.4049/jimmunol.2000928;TRUE"
"ki;2021;11750,59;10.5271/sjweh.3908;TRUE"
"ki;2021;20850,75;10.7554/elife.60916;FALSE"
"ki;2021;25116,6;10.1001/jamanetworkopen.2021.13014;FALSE"
"ki;2021;25377,9;10.1001/jamanetworkopen.2021.14716;FALSE"
"ki;2021;25344,3;10.1001/jamanetworkopen.2021.14904;FALSE"
"ki;2021;24928,8;10.1001/jamanetworkopen.2021.18516;FALSE"
"ki;2021;42596;10.1001/jamapsychiatry.2021.0469;TRUE"
"ki;2021;18831,15;10.1016/j.cub.2021.04.001;TRUE"
"ki;2021;32566,7;10.1016/j.jcmg.2021.02.021;TRUE"
"ki;2021;11133,52;10.1016/j.jlr.2021.100083;FALSE"
"ki;2021;44466;10.1016/s2215-0366(21)00171-1;TRUE"
"ki;2021;44947,35;10.1038/s41379-021-00848-0;TRUE"
"ki;2021;50417,64;10.1038/s41388-021-01825-2;TRUE"
"ki;2021;46007,03;10.1038/s41416-021-01383-0;TRUE"
"ki;2021;45774,74;10.1038/s41467-021-24078-9;FALSE"
"ki;2021;17128,15;10.1038/s41598-021-83008-3;FALSE"
"ki;2021;16774,8;10.1073/pnas.2011574118;TRUE"
"ki;2021;5054,5;10.1080/02813432.2021.1928835;FALSE"
"ki;2021;17494,09;10.1080/1547691x.2021.1905754;FALSE"
"ki;2021;22327,19;10.1080/21505594.2021.1922010;FALSE"
"ki;2021;7277,19;10.1097/cce.0000000000000495;FALSE"
"ki;2021;30357,18;10.1097/j.pain.0000000000002305;TRUE"
"ki;2021;36726,7;10.1097/j.pain.0000000000002309;TRUE"
"ki;2021;29119,9;10.1097/j.pain.0000000000002324;TRUE"
"ki;2021;35476,44;10.1097/j.pain.0000000000002387;TRUE"
"ki;2021;29168,83;10.1097/wco.0000000000000959;TRUE"
"ki;2021;16744,4;10.1124/dmd.120.000340;TRUE"
"ki;2021;37294,2;10.1126/sciadv.abf7561;FALSE"
"ki;2021;34343,6;10.1126/sciadv.abg5733;FALSE"
"ki;2021;28451,26;10.1128/mbio.03027-20;FALSE"
"ki;2021;32547,77;10.1128/msystems.00175-21;FALSE"
"ki;2021;27789,06;10.1136/bmjspcare-2020-002778;TRUE"
"ki;2021;12450;10.1158/0008-5472.can-20-1028;TRUE"
"ki;2021;17291,28;10.1177/15579883211014774;FALSE"
"ki;2021;25525,32;10.1210/endocr/bqab096;TRUE"
"ki;2021;34930,56;10.1212/wnl.0000000000011630;TRUE"
"ki;2021;29559,25;10.1212/wnl.0000000000012244;TRUE"
"ki;2021;24859,8;10.1371/journal.pbio.3001263;FALSE"
"ki;2021;20676;10.1371/journal.pcbi.1008772;FALSE"
"ki;2021;14018,33;10.1371/journal.pone.0246674;FALSE"
"ki;2021;14018,33;10.1371/journal.pone.0247623;FALSE"
"ki;2021;14018,33;10.1371/journal.pone.0247724;FALSE"
"ki;2021;14033,07;10.1371/journal.pone.0251965;FALSE"
"ki;2021;14511,57;10.1371/journal.pone.0253710;FALSE"
"ki;2021;20697,75;10.1371/journal.ppat.1009400;FALSE"
"ki;2021;20676;10.1371/journal.ppat.1009432;FALSE"
"ki;2021;20765;10.1371/journal.ppat.1009513;FALSE"
"ki;2021;20676;10.1371/journal.ppat.1009553;FALSE"
"ki;2021;20409,2;10.14573/altex.1911141;FALSE"
"ki;2021;36246;10.1530/erc-20-0464;TRUE"
"ki;2021;31954,23;10.18632/aging.203108;FALSE"
"ki;2021;31826,03;10.18632/aging.203132;FALSE"
"ki;2021;21155,96;10.2147/jmdh.s308840;FALSE"
"ki;2021;24276,87;10.2174/1567205017666201215130254;TRUE"
"ki;2021;13934,47;10.2174/1567205018666210330162207;TRUE"
"ki;2021;17308,76;10.2196/17910;FALSE"
"ki;2021;17789,45;10.2340/00015555-3818;FALSE"
"ki;2021;16256,8;10.2340/16501977-2806;FALSE"
"ki;2021;16176;10.2340/16501977-2847;FALSE"
"ki;2021;6585;10.2340/20030711-1000064;FALSE"
"ki;2021;7216,74;10.29392/001c.24589;FALSE"
"ki;2021;15624,18;10.3389/fcimb.2021.668637;FALSE"
"ki;2021;12752,7;10.3389/fendo.2021.652853;FALSE"
"ki;2021;25263,51;10.3389/fendo.2021.657698;FALSE"
"ki;2021;15863,57;10.3389/fgene.2021.680838;FALSE"
"ki;2021;24575,27;10.3389/fgene.2021.686666;FALSE"
"ki;2021;24697,11;10.3389/fgene.2021.687745;FALSE"
"ki;2021;24560,23;10.3389/fgene.2021.688526;FALSE"
"ki;2021;24697,11;10.3389/fimmu.2021.627986;FALSE"
"ki;2021;25686,24;10.3389/fimmu.2021.666114;FALSE"
"ki;2021;24404,47;10.3389/fimmu.2021.677550;FALSE"
"ki;2021;21317,76;10.3389/fimmu.2021.689472;FALSE"
"ki;2021;13860,67;10.3389/fmed.2021.651249;FALSE"
"ki;2021;24502,7;10.3389/fmicb.2021.667718;FALSE"
"ki;2021;24448,42;10.3389/fmicb.2021.696522;FALSE"
"ki;2021;18303,35;10.3389/fnagi.2021.644611;FALSE"
"ki;2021;24477,63;10.3389/fnagi.2021.656990;FALSE"
"ki;2021;15402,18;10.3389/fnagi.2021.667854;FALSE"
"ki;2021;16869,27;10.3389/fncel.2021.658662;FALSE"
"ki;2021;15628,99;10.3389/fncel.2021.680858;FALSE"
"ki;2021;24748,14;10.3389/fneur.2021.634065;FALSE"
"ki;2021;24330,72;10.3389/fnins.2021.656876;FALSE"
"ki;2021;25735,51;10.3389/fnins.2021.660726;FALSE"
"ki;2021;12539,86;10.3389/fnins.2021.673184;FALSE"
"ki;2021;15736,47;10.3389/fnins.2021.698633;FALSE"
"ki;2021;24697,11;10.3389/fonc.2021.640490;FALSE"
"ki;2021;24591,79;10.3389/fonc.2021.692834;FALSE"
"ki;2021;24991,52;10.3389/fphys.2021.676501;FALSE"
"ki;2021;22319,52;10.3389/fpsyg.2021.575100;FALSE"
"ki;2021;24484,12;10.3389/fpsyg.2021.580463;FALSE"
"ki;2021;6138,88;10.3389/fpsyt.2021.651083;FALSE"
"ki;2021;25441,39;10.3389/fpsyt.2021.658171;FALSE"
"ki;2021;15372,76;10.3389/fpsyt.2021.676962;FALSE"
"ki;2021;24762,6;10.3389/fpsyt.2021.682868;FALSE"
"ki;2021;4539,83;10.3389/ftox.2021.653386;FALSE"
"ki;2021;11534,52;10.3390/antibiotics10050526;FALSE"
"ki;2021;16302,38;10.3390/biology10060521;FALSE"
"ki;2021;9110,25;10.3390/biom11060858;FALSE"
"ki;2021;20133,88;10.3390/cancers13112553;FALSE"
"ki;2021;19076,32;10.3390/cancers13122995;FALSE"
"ki;2021;18257,38;10.3390/cells10061276;FALSE"
"ki;2021;14663,14;10.3390/healthcare9060764;FALSE"
"ki;2021;21171,61;10.3390/ijerph18073546;FALSE"
"ki;2021;21196,5;10.3390/ijerph18084001;FALSE"
"ki;2021;18958,61;10.3390/ijerph18094642;FALSE"
"ki;2021;18977,24;10.3390/ijerph18158105;FALSE"
"ki;2021;16437,42;10.3390/ijms22094530;FALSE"
"ki;2021;16437,42;10.3390/ijms22094542;FALSE"
"ki;2021;16349,12;10.3390/ijms22126247;FALSE"
"ki;2021;9585,12;10.3390/jpm11060448;FALSE"
"ki;2021;12300,67;10.3390/jpm11060519;FALSE"
"ki;2021;13857,04;10.3390/metabo11060387;FALSE"
"ki;2021;16774,29;10.3390/microorganisms9040827;FALSE"
"ki;2021;14620,29;10.3390/microorganisms9061137;FALSE"
"ki;2021;12986,49;10.3390/ph14040368;FALSE"
"ki;2021;16582,2;10.3390/ph14050400;FALSE"
"ki;2021;17415,87;10.3390/su13095221;FALSE"
"ki;2021;10020,77;10.3390/v13050910;FALSE"
"ki;2021;20108,09;10.3390/v13061031;FALSE"
"ki;2021;23307,51;10.3892/or.2021.8119;TRUE"
"ki;2021;21367,54;10.7554/elife.65658;FALSE"
"ki;2021;12879,3;10.1158/0008-5472.can-21-0482 ;TRUE"
"ki;2021;39465,07;10.1161/hypertensionaha.121.17454;TRUE"
"ki;2021;36919,8;10.1212/wnl.0000000000012604;TRUE"
"ki;2021;34496,4;10.1371/journal.pmed.1003790;FALSE"
"ki;2021;28807,92;10.1136/jnnp-2021-327005;FALSE"
"ki;2021;31904,5;10.1212/wnl.0000000000012728;TRUE"
"ki;2021;29157,1;10.1212/wnl.0000000000012366;TRUE"
"ki;2021;25905,9;10.1371/journal.pmed.1003820;FALSE"
"ki;2021;22540,13;10.1136/bmjopen-2021-049141;FALSE"
"ki;2021;12936,15;10.1158/1055-9965.epi-21-0580;TRUE"
"ki;2021;21282,03;10.1183/13993003.00142-2021;TRUE"
"ki;2021;17304;10.2106/jbjs.oa.21.00081;FALSE"
"ki;2021;10557,74;10.1073/pnas.2101290118;TRUE"
"ki;2021;4558,53;10.1183/23120541.00457-2021;FALSE"
"ki;2021;21326;10.4269/ajtmh.21-0040;TRUE"
"ki;2021;23723,98;10.2147/ijn.s314643;FALSE"
"ki;2021;21659;10.7554/elife.65758;FALSE"
"ki;2021;22329,78;10.1016/j.csbj.2021.09.020;FALSE"
"ki;2021;4101,04;10.3324/haematol.2021.278828;FALSE"
"ki;2021;25759,11;10.3389/fnins.2021.768418;FALSE"
"ki;2021;25756,75;10.3389/fneur.2021.696218;FALSE"
"ki;2021;25756,75;10.3389/fimmu.2021.694853;FALSE"
"ki;2021;25679,75;10.3389/fphar.2021.712084;FALSE"
"ki;2021;25628,13;10.3389/fnagi.2021.694254;FALSE"
"ki;2021;25590,07;10.3389/fpsyg.2021.708037;FALSE"
"ki;2021;25570,6;10.3389/fneur.2021.763573;FALSE"
"ki;2021;25559,1;10.3389/fnagi.2021.737736;FALSE"
"ki;2021;25519,57;10.3389/fnagi.2021.714186;FALSE"
"ki;2021;25470,01;10.3389/fimmu.2021.720025;FALSE"
"ki;2021;25368,53;10.3389/fonc.2021.682470;FALSE"
"ki;2021;25359,09;10.3389/fpsyt.2021.740867;FALSE"
"ki;2021;25329,29;10.3389/fimmu.2021.707217;FALSE"
"ki;2021;25282,09;10.3389/fonc.2021.748657;FALSE"
"ki;2021;25282,09;10.3389/fneur.2021.706610;FALSE"
"ki;2021;25282,09;10.3389/fonc.2021.713685;FALSE"
"ki;2021;25220,73;10.3389/fendo.2021.721813;FALSE"
"ki;2021;25157,31;10.3389/fonc.2021.700568;FALSE"
"ki;2021;25105,39;10.3389/fpsyg.2021.685260;FALSE"
"ki;2021;24537,81;10.3389/fnhum.2021.698367;FALSE"
"ki;2021;24077,55;10.3389/fcell.2020.00463;FALSE"
"ki;2021;23001,86;10.3389/fpsyt.2021.670246;FALSE"
"ki;2021;16404,41;10.3389/fdgth.2021.688218;FALSE"
"ki;2021;16027,66;10.3389/fendo.2021.732726;FALSE"
"ki;2021;15832,67;10.3389/fpsyt.2021.713251;FALSE"
"ki;2021;15634,03;10.3389/fnagi.2021.704583;FALSE"
"ki;2021;15421,97;10.3389/fimmu.2021.686768;FALSE"
"ki;2021;7807,14;10.1155/2021/1578543;FALSE"
"ki;2021;33752,95;10.18632/aging.203467;FALSE"
"ki;2021;33059,95;10.18632/aging.203407;FALSE"
"ki;2021;32842,04;10.18632/aging.203262;FALSE"
"ki;2021;32842,04;10.18632/aging.203280;FALSE"
"ki;2021;26320,57;10.1080/19490976.2021.1983101;FALSE"
"ki;2021;15281,7;10.1080/02813432.2021.1922834;FALSE"
"ki;2021;17184,25;10.1128/spectrum.01440-21;TRUE"
"ki;2021;11997,38;10.1128/spectrum.00549-21;TRUE"
"ki;2021;9083,24;10.1128/mra.00559-21;FALSE"
"ki;2021;24915;10.26508/lsa.202000980;FALSE"
"ki;2021;27932,8;10.1089/nat.2021.0021;TRUE"
"ki;2021;21372,78;10.3390/ijerph18179084;FALSE"
"ki;2021;20319,36;10.3390/cancers13143627;FALSE"
"ki;2021;20307,85;10.3390/cancers13153736;FALSE"
"ki;2021;20190,81;10.3390/jcm10143138;FALSE"
"ki;2021;20107,69;10.3390/cancers13194850;FALSE"
"ki;2021;19956,33;10.3390/nu13082507;FALSE"
"ki;2021;19738,58;10.3390/nu13072357;FALSE"
"ki;2021;19205,27;10.3390/cancers13184689;FALSE"
"ki;2021;18337,46;10.3390/biomedicines9070801;FALSE"
"ki;2021;18279,75;10.3390/cells10102596;FALSE"
"ki;2021;18278,11;10.3390/jcm10173938;FALSE"
"ki;2021;18041,01;10.3390/jcm10122554;FALSE"
"ki;2021;18037,44;10.3390/cancers13102456;FALSE"
"ki;2021;17583,6;10.3390/cancers13153707;FALSE"
"ki;2021;17260,28;10.3390/cancers13133151;FALSE"
"ki;2021;16479,78;10.3390/cancers13184655;FALSE"
"ki;2021;16407,72;10.3390/ijms22115882;FALSE"
"ki;2021;16302,38;10.3390/ijms22126345;FALSE"
"ki;2021;15572,83;10.3390/antiox10071070;FALSE"
"ki;2021;15564,71;10.3390/ijms221810139;FALSE"
"ki;2021;15537,73;10.3390/ijms221910600;FALSE"
"ki;2021;15010,72;10.3390/curroncol28050307;FALSE"
"ki;2021;14868,01;10.3390/diagnostics11091538;FALSE"
"ki;2021;14777,7;10.3390/cells10071713;FALSE"
"ki;2021;14770,34;10.3390/diagnostics11081505;FALSE"
"ki;2021;14708,59;10.3390/healthcare9081028;FALSE"
"ki;2021;14649,15;10.3390/children8090808;FALSE"
"ki;2021;13994,58;10.3390/pharmaceutics13060878;FALSE"
"ki;2021;10110,13;10.3390/v13091861;FALSE"
"ki;2021;10030,58;10.3390/cancers13133242;FALSE"
"ki;2021;10030,58;10.3390/v13071234;FALSE"
"ki;2021;8540,43;10.2340/20030711-1000067;FALSE"
"ki;2021;20385,51;10.1093/ehjopen/oeab020;TRUE"
"ki;2021;19013,79;10.1093/noajnl/vdab096;FALSE"
"ki;2021;17442,37;10.1093/ckj/sfab159;FALSE"
"ki;2021;8558,77;10.1093/bjsopen/zrab060;FALSE"
"ki;2021;22050,5;10.1371/journal.pgen.1009763;FALSE"
"ki;2021;15127,8;10.1371/journal.pone.0257677;FALSE"
"ki;2021;14772,94;10.1371/journal.pone.0254805;FALSE"
"ki;2021;14609,37;10.1371/journal.pone.0247568;FALSE"
"ki;2021;14506,15;10.1371/journal.pone.0254255;FALSE"
"ki;2021;14506,15;10.1371/journal.pone.0254079;FALSE"
"ki;2021;16397,19;10.1177/09636897211039739;FALSE"
"ki;2021;12267,38;10.1177/16094069211032071;FALSE"
"ki;2021;5225,59;10.1177/21649561211049154;FALSE"
"ki;2021;11779,22;10.5271/sjweh.3986;FALSE"
"ki;2021;11754,38;10.5271/sjweh.3978;FALSE"
"ki;2021;16488,89;10.3390/antiox10050793;FALSE"
"ki;2021;14651,75;10.1371/journal.pone.0253944;FALSE"
"ki;2021;14558,61;10.1371/journal.pone.0245488;FALSE"
"ki;2021;14116,23;10.1371/journal.pone.0247670;FALSE"
"ki;2021;22476;10.3389/fcvm.2021.692122;FALSE"
"ki;2021;42601,09;10.1523/jneurosci.0021-21.2021;TRUE"
"ki;2021;10039,09;10.3892/ol.2021.12945;FALSE"
"ki;2021;45647,24;10.1038/s41380-021-01263-2;TRUE"
"ki;2021;45277,16;10.1038/s41380-021-01202-1;TRUE"
"ki;2021;38917,85;10.1007/s10557-021-07212-z;TRUE"
"ki;2021;17190,51;10.1038/s41598-021-94558-x;FALSE"
"ki;2021;17111,08;10.1038/s41598-021-93926-x;FALSE"
"ki;2021;31673,61;10.1172/jci.insight.140364;FALSE"
"ki;2021;17966,1;10.1332/174426421x16178101375342;TRUE"
"ki;2021;3572,03;10.18291/njwls.128552;FALSE"
"ki;2021;33729,96;10.1002/mds.28767;TRUE"
"ki;2021;15676,58;10.1002/jev2.12142;FALSE"
"ki;2021;10374,73;10.1002/ccr3.4773;FALSE"
"ki;2021;36626,97;10.1212/wnl.0000000000011832;TRUE"
"ki;2021;18797,76;10.1097/gox.0000000000003561;FALSE"
"ki;2021;29014,58;10.1523/jneurosci.0860-21.2021;TRUE"
"ki;2021;36242,13;10.1038/s41380-021-01371-z;TRUE"
"ki;2021;45592,2;10.1038/s41380-021-01257-0;TRUE"
"ki;2021;44787,61;10.1038/s41366-021-00914-2;TRUE"
"ki;2021;8254,42;10.3390/biology10090874;FALSE"
"ki;2021;16168,14;10.3390/v13071323;FALSE"
"ki;2021;36068;10.1097/aci.0000000000000787;TRUE"
"ki;2021;5223;10.1212/nxg.0000000000000628;FALSE"
"ki;2021;8558,77;10.1093/bjsopen/zrab072;FALSE"
"ki;2021;16101,25;10.3389/fpsyt.2021.730153;FALSE"
"ki;2021;16082,05;10.3389/fendo.2021.724766;FALSE"
"ki;2021;25157,31;10.3389/fcell.2021.682294;FALSE"
"ki;2021;16589,83;10.3390/ijms22168907;FALSE"
"ki;2021;17334,4;10.1044/2021_jslhr-21-00367;TRUE"
"ki;2021;28338,31;10.1186/s13195-021-00840-5;FALSE"
"ki;2021;24476,76;10.14309/ctg.0000000000000437;FALSE"
"ki;2021;19351;10.1073/pnas.2109123118;TRUE"
"ki;2021;37496,58;10.1097/j.pain.0000000000002543;TRUE"
"ki;2021;34585,2;10.1371/journal.pmed.1003840;FALSE"
"ki;2021;51689,24;10.1073/pnas.2101209118;TRUE"
"ki;2021;17824,05;10.1136/bmjopen-2021-052176;FALSE"
"ki;2021;3870,95;10.1163/21971927-bja10021;FALSE"
"ki;2021;30178,72;10.1161/circulationaha.121.056012;TRUE"
"ki;2021;17334,56;10.1302/1863-2548.15.210049;FALSE"
"ki;2021;42940;10.1001/jamapsychiatry.2021.3647;TRUE"
"ki;2021;13168,65;10.1158/0008-5472.can-21-0061;TRUE"
"ki;2021;25788,9;10.1371/journal.pmed.1003853;FALSE"
"ki;2021;34906,8;10.1371/journal.pbio.3001350;FALSE"
"ki;2021;13107;10.1158/0008-5472.can-21-1692;TRUE"
"ki;2021;10544,4;10.1097/ee9.0000000000000182;FALSE"
"ki;2021;40916,11;10.1161/atvbaha.121.316779;TRUE"
"ki;2021;27261,6;10.1001/jamanetworkopen.2021.1740;FALSE"
"ki;2021;25771,3;10.2147/jmdh.s345607;FALSE"
"ki;2021;25764;10.7554/elife.70843;FALSE"
"ki;2021;22244,05;10.1016/j.mcpro.2021.100159;FALSE"
"ki;2021;30579,27;10.1016/j.jacbts.2021.12.003;FALSE"
"ki;2021;22274,05;10.1016/j.mcpro.2021.100157;FALSE"
"ki;2021;16467,68;10.3389/ftox.2021.735331;FALSE"
"ki;2021;25827,84;10.3389/fcell.2021.741162;FALSE"
"ki;2021;25854,98;10.3389/fimmu.2021.761317;FALSE"
"ki;2021;9918,75;10.3389/fcvm.2021.764478;FALSE"
"ki;2021;25506,59;10.3389/fcell.2021.706687;FALSE"
"ki;2021;25506,59;10.3389/fimmu.2021.727300;FALSE"
"ki;2021;13846,36;10.3389/froh.2021.675709;FALSE"
"ki;2021;25348,47;10.3389/fpsyg.2021.772661;FALSE"
"ki;2021;16354,63;10.3389/fspor.2021.656413;FALSE"
"ki;2021;25328,11;10.3389/fneur.2021.765296;FALSE"
"ki;2021;25132,53;10.3389/fmed.2021.764236;FALSE"
"ki;2021;25141,08;10.3389/fcell.2021.612714;FALSE"
"ki;2021;25334,6;10.3389/fped.2021.754941;FALSE"
"ki;2021;23286,74;10.3389/fchem.2021.768535;FALSE"
"ki;2021;20283,52;10.3389/fnut.2021.733602;FALSE"
"ki;2021;26822,88;10.3389/fneur.2021.737211;FALSE"
"ki;2021;25743,77;10.3389/fpsyt.2021.765128;FALSE"
"ki;2021;16930,83;10.3389/fendo.2021.788812;FALSE"
"ki;2021;26529,06;10.3389/fcell.2021.789676;FALSE"
"ki;2021;25743,77;10.3389/fgene.2021.736235;FALSE"
"ki;2021;16797,63;10.3389/fpsyt.2021.782353;FALSE"
"ki;2021;26633,78;10.3389/fnagi.2021.777475;FALSE"
"ki;2021;26955,92;10.3389/fimmu.2021.804812;FALSE"
"ki;2021;12960,83;10.3389/fgene.2021.784963;FALSE"
"ki;2021;26633,78;10.3389/fcimb.2021.808601;FALSE"
"ki;2021;4077,68;10.3389/fphar.2021.781381;FALSE"
"ki;2021;26731,43;10.3389/fimmu.2021.815680;FALSE"
"ki;2021;26756,8;10.3389/fimmu.2021.801096;FALSE"
"ki;2021;26977,75;10.3389/fpubh.2021.711222;FALSE"
"ki;2021;26995,45;10.3389/fimmu.2021.742736;FALSE"
"ki;2021;26678,92;10.3389/fgene.2021.803683;FALSE"
"ki;2021;33845,74;10.18632/aging.203622;FALSE"
"ki;2021;23441,15;10.7189/jogh.12.05007;FALSE"
"ki;2021;29357,32;10.1159/000521571;FALSE"
"ki;2021;24779,12;10.1128/aac.00720-21;TRUE"
"ki;2021;11538,39;10.3390/brainsci11101359;FALSE"
"ki;2021;15306,65;10.3390/nu13103594;FALSE"
"ki;2021;18640,11;10.3390/ijerph182111218;FALSE"
"ki;2021;17787,84;10.3390/cancers13215493;FALSE"
"ki;2021;9035,13;10.3390/biom11111606;FALSE"
"ki;2021;18487,99;10.3390/ijerph182211828;FALSE"
"ki;2021;18005,63;10.3390/cells10112834;FALSE"
"ki;2021;11874,66;10.3390/life11111233;FALSE"
"ki;2021;20820,49;10.3390/ijerph182212214;FALSE"
"ki;2021;11587,03;10.3390/children8111070;FALSE"
"ki;2021;13515,42;10.3390/ma14237106;FALSE"
"ki;2021;15978,35;10.3390/jpm11121303;FALSE"
"ki;2021;10876,76;10.3390/j4040054;FALSE"
"ki;2021;19528,13;10.3390/cancers13236042;FALSE"
"ki;2021;19940,66;10.3390/cancers13225864;FALSE"
"ki;2021;20401,69;10.3390/ijerph182412872;FALSE"
"ki;2021;12925,84;10.3390/v13122537;FALSE"
"ki;2021;20458,02;10.3390/cancers13236093;FALSE"
"ki;2021;18381,84;10.3390/cancers14010181;FALSE"
"ki;2021;9004,84;10.3390/cells10113072;FALSE"
"ki;2021;15812,12;10.3390/ijms23010062;FALSE"
"ki;2021;16312;10.2340/16501977-2875;FALSE"
"ki;2021;16030,5;10.2340/jrm.v53.188;FALSE"
"ki;2021;6660;10.2340/20030711-1000077;FALSE"
"ki;2021;21854,25;10.3791/63148;TRUE"
"ki;2021;17044,41;10.1093/bjsopen/zraa035;FALSE"
"ki;2021;32997,44;10.1093/nar/gkaa1048;FALSE"
"ki;2021;18767,36;10.1093/noajnl/vdab152;FALSE"
"ki;2021;31956,48;10.1093/nar/gkab1073;FALSE"
"ki;2021;17096,72;10.1093/ckj/sfab210;FALSE"
"ki;2021;32874,86;10.1093/cercor/bhab429;TRUE"
"ki;2021;14690,9;10.1371/journal.pone.0257402;FALSE"
"ki;2021;13979,22;10.1371/journal.pone.0255556;FALSE"
"ki;2021;14343,68;10.1371/journal.pone.0232127;FALSE"
"ki;2021;26334,6;10.1371/journal.pmed.1003207;FALSE"
"ki;2021;16005,1;10.1371/journal.pone.0261885;FALSE"
"ki;2021;48379,99;10.1084/jem.20210987;TRUE"
"ki;2021;5112,67;10.1177/21649561211058698;FALSE"
"ki;2021;13446,21;10.1177/20552173211065730;FALSE"
"ki;2021;11714,71;10.5271/sjweh.3988;FALSE"
"ki;2021;16758,09;10.2196/17568;FALSE"
"ki;2021;18647,16;10.3390/ijerph181910280;FALSE"
"ki;2021;9932,08;10.3892/ol.2021.13148;FALSE"
"ki;2021;10464,69;10.5116/ijme.61d5.8706;FALSE"
"ki;2021;31453,15;10.1172/jci.insight.151463;FALSE"
"ki;2021;40604,73;10.1172/jci142883;TRUE"
"ki;2021;36113,6;10.3899/jrheum.210087;TRUE"
"ki;2021;3532,8;10.18291/njwls.129221;FALSE"
"ki;2021;34190,42;10.1002/jcsm.12875;FALSE"
"ki;2021;5160,9;10.1212/nxg.0000000000000636;FALSE"
"ki;2021;18518;10.3390/ijms23010410;FALSE"
"ki;2021;18127,9;10.3390/ijms222312859;FALSE"
"ki;2021;25392,72;10.3389/fnmol.2021.763777;FALSE"
"ki;2021;25905,13;10.3389/fnins.2021.716887;FALSE"
"ki;2021;25506,59;10.3389/fnagi.2021.735334;FALSE"